feature,importance
t,0.0
month,0.0
avg_temp,0.0
has_holiday,0.0022413532655000236
lag2,0.006730455277088676
zone_code,0.013764546136826839
lag4,0.02161252230091487
roll4_std,0.03254231335848714
lag3,0.05141863740905404
lag1,0.20046162248242058
roll4,0.3148538012970894
