feature,importance
t,0.0
month,0.0
avg_temp,0.0
has_holiday,0.0007297045393967694
lag2,0.006231220919021252
roll4_std,0.013665512834229676
zone_code,0.014319782371677314
lag4,0.014698666605564814
lag3,0.04079473074291788
lag1,0.1852507401793792
roll4,0.3145555329612567
